{
  "A001_NJ_BK": {
    "price_soda_med": 1.05,
    "price_fries_small": 1.15,
    "price_entree": 3.35,
    "price_full_meal_after_tax": 5.85,
    "target_fte": 40,
    "headcount_ft": 20,
    "headcount_pt": 30,
    "starting_wage": 4.25,
    "schedule_quality": 2,
    "weekday_hours_open": 14,
    "n_registers_open_11am": 3,
    "company_owned": 1,
    "benefit_free_meal": 0,
    "benefit_lowprice_meal": 0,
    "has_recruit_bonus": 0,
    "recruit_bonus_amount": 0,
    "hire_attempts": 8,
    "hires_realized": 6
  },
  "A002_NJ_BK": {
    "price_soda_med": 1.1,
    "price_fries_small": 1.2,
    "price_entree": 3.4,
    "price_full_meal_after_tax": 5.9,
    "target_fte": 40,
    "headcount_ft": 20,
    "headcount_pt": 30,
    "starting_wage": 4.25,
    "schedule_quality": 2,
    "weekday_hours_open": 14,
    "n_registers_open_11am": 3,
    "company_owned": 1,
    "benefit_free_meal": 0,
    "benefit_lowprice_meal": 0,
    "has_recruit_bonus": 0,
    "recruit_bonus_amount": 0,
    "hire_attempts": 8,
    "hires_realized": 6
  },
  "A003_NJ_BK": {
    "price_soda_med": 1.15,
    "price_fries_small": 1.25,
    "price_entree": 3.45,
    "price_full_meal_after_tax": 5.95,
    "target_fte": 40,
    "headcount_ft": 20,
    "headcount_pt": 30,
    "starting_wage": 4.25,
    "schedule_quality": 2,
    "weekday_hours_open": 14,
    "n_registers_open_11am": 3,
    "company_owned": 1,
    "benefit_free_meal": 0,
    "benefit_lowprice_meal": 0,
    "has_recruit_bonus": 0,
    "recruit_bonus_amount": 0,
    "hire_attempts": 8,
    "hires_realized": 6
  },
  "A004_NJ_BK": {
    "price_soda_med": 1.0,
    "price_fries_small": 1.1,
    "price_entree": 3.3,
    "price_full_meal_after_tax": 5.8,
    "target_fte": 40,
    "headcount_ft": 20,
    "headcount_pt": 30,
    "starting_wage": 4.25,
    "schedule_quality": 2,
    "weekday_hours_open": 14,
    "n_registers_open_11am": 3,
    "company_owned": 1,
    "benefit_free_meal": 0,
    "benefit_lowprice_meal": 0,
    "has_recruit_bonus": 0,
    "recruit_bonus_amount": 0,
    "hire_attempts": 8,
    "hires_realized": 6
  },
  "A005_NJ_RR": {
    "price_soda_med": 1.04,
    "price_fries_small": 1.08,
    "price_entree": 3.18,
    "price_full_meal_after_tax": 5.68,
    "target_fte": 40,
    "headcount_ft": 20,
    "headcount_pt": 30,
    "starting_wage": 4.25,
    "schedule_quality": 2,
    "weekday_hours_open": 14,
    "n_registers_open_11am": 3,
    "company_owned": 1,
    "benefit_free_meal": 0,
    "benefit_lowprice_meal": 0,
    "has_recruit_bonus": 0,
    "recruit_bonus_amount": 0,
    "hire_attempts": 8,
    "hires_realized": 6
  },
  "A006_NJ_RR": {
    "price_soda_med": 1.07,
    "price_fries_small": 1.11,
    "price_entree": 3.21,
    "price_full_meal_after_tax": 5.71,
    "target_fte": 40,
    "headcount_ft": 20,
    "headcount_pt": 30,
    "starting_wage": 4.25,
    "schedule_quality": 2,
    "weekday_hours_open": 14,
    "n_registers_open_11am": 3,
    "company_owned": 1,
    "benefit_free_meal": 0,
    "benefit_lowprice_meal": 0,
    "has_recruit_bonus": 0,
    "recruit_bonus_amount": 0,
    "hire_attempts": 8,
    "hires_realized": 6
  },
  "A007_NJ_RR": {
    "price_soda_med": 1.01,
    "price_fries_small": 1.05,
    "price_entree": 3.15,
    "price_full_meal_after_tax": 5.65,
    "target_fte": 40,
    "headcount_ft": 20,
    "headcount_pt": 30,
    "starting_wage": 4.25,
    "schedule_quality": 2,
    "weekday_hours_open": 14,
    "n_registers_open_11am": 3,
    "company_owned": 1,
    "benefit_free_meal": 0,
    "benefit_lowprice_meal": 0,
    "has_recruit_bonus": 0,
    "recruit_bonus_amount": 0,
    "hire_attempts": 8,
    "hires_realized": 6
  },
  "A008_NJ_WY": {
    "price_soda_med": 1.06,
    "price_fries_small": 1.16,
    "price_entree": 3.26,
    "price_full_meal_after_tax": 5.76,
    "target_fte": 40,
    "headcount_ft": 20,
    "headcount_pt": 30,
    "starting_wage": 4.25,
    "schedule_quality": 2,
    "weekday_hours_open": 14,
    "n_registers_open_11am": 3,
    "company_owned": 1,
    "benefit_free_meal": 0,
    "benefit_lowprice_meal": 0,
    "has_recruit_bonus": 0,
    "recruit_bonus_amount": 0,
    "hire_attempts": 8,
    "hires_realized": 6
  },
  "A009_NJ_WY": {
    "price_soda_med": 1.11,
    "price_fries_small": 1.21,
    "price_entree": 3.31,
    "price_full_meal_after_tax": 5.81,
    "target_fte": 40,
    "headcount_ft": 20,
    "headcount_pt": 30,
    "starting_wage": 4.25,
    "schedule_quality": 2,
    "weekday_hours_open": 14,
    "n_registers_open_11am": 3,
    "company_owned": 1,
    "benefit_free_meal": 0,
    "benefit_lowprice_meal": 0,
    "has_recruit_bonus": 0,
    "recruit_bonus_amount": 0,
    "hire_attempts": 8,
    "hires_realized": 6
  },
  "A010_NJ_WY": {
    "price_soda_med": 1.03,
    "price_fries_small": 1.13,
    "price_entree": 3.23,
    "price_full_meal_after_tax": 5.73,
    "target_fte": 40,
    "headcount_ft": 20,
    "headcount_pt": 30,
    "starting_wage": 4.25,
    "schedule_quality": 2,
    "weekday_hours_open": 14,
    "n_registers_open_11am": 3,
    "company_owned": 1,
    "benefit_free_meal": 0,
    "benefit_lowprice_meal": 0,
    "has_recruit_bonus": 0,
    "recruit_bonus_amount": 0,
    "hire_attempts": 8,
    "hires_realized": 6
  },
  "A011_NJ_RR": {
    "price_soda_med": 1.13,
    "price_fries_small": 1.17,
    "price_entree": 3.27,
    "price_full_meal_after_tax": 5.77,
    "target_fte": 40,
    "headcount_ft": 20,
    "headcount_pt": 30,
    "starting_wage": 4.25,
    "schedule_quality": 2,
    "weekday_hours_open": 14,
    "n_registers_open_11am": 3,
    "company_owned": 1,
    "benefit_free_meal": 0,
    "benefit_lowprice_meal": 0,
    "has_recruit_bonus": 0,
    "recruit_bonus_amount": 0,
    "hire_attempts": 8,
    "hires_realized": 6
  },
  "A012_NJ_RR": {
    "price_soda_med": 1.09,
    "price_fries_small": 1.13,
    "price_entree": 3.23,
    "price_full_meal_after_tax": 5.73,
    "target_fte": 40,
    "headcount_ft": 20,
    "headcount_pt": 30,
    "starting_wage": 4.25,
    "schedule_quality": 2,
    "weekday_hours_open": 14,
    "n_registers_open_11am": 3,
    "company_owned": 1,
    "benefit_free_meal": 0,
    "benefit_lowprice_meal": 0,
    "has_recruit_bonus": 0,
    "recruit_bonus_amount": 0,
    "hire_attempts": 8,
    "hires_realized": 6
  },
  "A013_NJ_RR": {
    "price_soda_med": 1.02,
    "price_fries_small": 1.06,
    "price_entree": 3.16,
    "price_full_meal_after_tax": 5.66,
    "target_fte": 40,
    "headcount_ft": 20,
    "headcount_pt": 30,
    "starting_wage": 4.25,
    "schedule_quality": 2,
    "weekday_hours_open": 14,
    "n_registers_open_11am": 3,
    "company_owned": 1,
    "benefit_free_meal": 0,
    "benefit_lowprice_meal": 0,
    "has_recruit_bonus": 0,
    "recruit_bonus_amount": 0,
    "hire_attempts": 8,
    "hires_realized": 6
  },
  "A014_NJ_RR": {
    "price_soda_med": 1.12,
    "price_fries_small": 1.16,
    "price_entree": 3.26,
    "price_full_meal_after_tax": 5.76,
    "target_fte": 40,
    "headcount_ft": 20,
    "headcount_pt": 30,
    "starting_wage": 4.25,
    "schedule_quality": 2,
    "weekday_hours_open": 14,
    "n_registers_open_11am": 3,
    "company_owned": 1,
    "benefit_free_meal": 0,
    "benefit_lowprice_meal": 0,
    "has_recruit_bonus": 0,
    "recruit_bonus_amount": 0,
    "hire_attempts": 8,
    "hires_realized": 6
  },
  "A015_NJ_WY": {
    "price_soda_med": 1.09,
    "price_fries_small": 1.19,
    "price_entree": 3.29,
    "price_full_meal_after_tax": 5.79,
    "target_fte": 40,
    "headcount_ft": 20,
    "headcount_pt": 30,
    "starting_wage": 4.25,
    "schedule_quality": 2,
    "weekday_hours_open": 14,
    "n_registers_open_11am": 3,
    "company_owned": 1,
    "benefit_free_meal": 0,
    "benefit_lowprice_meal": 0,
    "has_recruit_bonus": 0,
    "recruit_bonus_amount": 0,
    "hire_attempts": 8,
    "hires_realized": 6
  },
  "A016_NJ_WY": {
    "price_soda_med": 1.14,
    "price_fries_small": 1.24,
    "price_entree": 3.34,
    "price_full_meal_after_tax": 5.84,
    "target_fte": 40,
    "headcount_ft": 20,
    "headcount_pt": 30,
    "starting_wage": 4.25,
    "schedule_quality": 2,
    "weekday_hours_open": 14,
    "n_registers_open_11am": 3,
    "company_owned": 1,
    "benefit_free_meal": 0,
    "benefit_lowprice_meal": 0,
    "has_recruit_bonus": 0,
    "recruit_bonus_amount": 0,
    "hire_attempts": 8,
    "hires_realized": 6
  },
  "A017_PA_BK": {
    "price_soda_med": 1.12,
    "price_fries_small": 1.22,
    "price_entree": 3.42,
    "price_full_meal_after_tax": 5.92,
    "target_fte": 40,
    "headcount_ft": 20,
    "headcount_pt": 30,
    "starting_wage": 4.25,
    "schedule_quality": 2,
    "weekday_hours_open": 14,
    "n_registers_open_11am": 3,
    "company_owned": 1,
    "benefit_free_meal": 0,
    "benefit_lowprice_meal": 0,
    "has_recruit_bonus": 0,
    "recruit_bonus_amount": 0,
    "hire_attempts": 8,
    "hires_realized": 6
  },
  "A018_PA_BK": {
    "price_soda_med": 1.07,
    "price_fries_small": 1.17,
    "price_entree": 3.37,
    "price_full_meal_after_tax": 5.87,
    "target_fte": 40,
    "headcount_ft": 20,
    "headcount_pt": 30,
    "starting_wage": 4.25,
    "schedule_quality": 2,
    "weekday_hours_open": 14,
    "n_registers_open_11am": 3,
    "company_owned": 1,
    "benefit_free_meal": 0,
    "benefit_lowprice_meal": 0,
    "has_recruit_bonus": 0,
    "recruit_bonus_amount": 0,
    "hire_attempts": 8,
    "hires_realized": 6
  },
  "A019_PA_RR": {
    "price_soda_med": 1.08,
    "price_fries_small": 1.12,
    "price_entree": 3.22,
    "price_full_meal_after_tax": 5.72,
    "target_fte": 40,
    "headcount_ft": 20,
    "headcount_pt": 30,
    "starting_wage": 4.25,
    "schedule_quality": 2,
    "weekday_hours_open": 14,
    "n_registers_open_11am": 3,
    "company_owned": 1,
    "benefit_free_meal": 0,
    "benefit_lowprice_meal": 0,
    "has_recruit_bonus": 0,
    "recruit_bonus_amount": 0,
    "hire_attempts": 8,
    "hires_realized": 6
  },
  "A020_PA_WY": {
    "price_soda_med": 1.12,
    "price_fries_small": 1.22,
    "price_entree": 3.33,
    "price_full_meal_after_tax": 5.83,
    "target_fte": 40,
    "headcount_ft": 20,
    "headcount_pt": 30,
    "starting_wage": 4.25,
    "schedule_quality": 2,
    "weekday_hours_open": 14,
    "n_registers_open_11am": 3,
    "company_owned": 1,
    "benefit_free_meal": 0,
    "benefit_lowprice_meal": 0,
    "has_recruit_bonus": 0,
    "recruit_bonus_amount": 0,
    "hire_attempts": 8,
    "hires_realized": 6
  }
}